0,count
1392,41941
4,26263
6116,21270
1264,17565
2572,11720
8596,10640
5760,5867
11044,5224
8200,3578
1452,2569
0x0000000000001c04,2560
0x00000000000023c8,2430
692,1848
3124,1812
9244,1797
0x0000000000002194,1342
680,1057
0x00000000000002a8,880
0x0000000000001a20,874
0x00000000000002b4,818
2884,814
2712,796
1776,796
0x00000000000002ac,767
3696,727
3108,525
5524,522
3960,507
0x0000000000000324,506
7172,486
0x0000000000001e88,430
0x00000000000002a0,364
7428,350
0x0000000000000000,339
4692,310
2676,206
1128,198
5428,196
9316,184
1048,145
5968,142
5820,140
7556,120
524,113
0x0000000000000318,100
0x0000000000002008,92
2796,77
3620,74
448,71
8360,68
5388,65
0x0000000000000c50,53
0x00000000000018e0,52
4948,48
10616,47
0x0000000000001cd0,47
5016,46
2684,45
348,43
8584,43
988,42
10264,41
6368,40
3404,39
10208,39
9668,39
3484,36
936,34
5192,33
1828,32
544,32
4908,32
11248,32
10420,31
0x00000000000005b0,29
4108,29
1068,29
10720,29
6476,29
4752,29
2940,28
5744,28
2904,27
3192,27
3064,26
5868,26
4376,26
5984,26
4580,26
0x0000000000001890,26
5352,25
9136,25
2240,25
2844,25
8168,25
2232,25
3044,24
0x0000000000000580,24
1144,24
3304,24
10588,24
1680,24
908,23
8676,23
8332,23
2320,23
6036,23
6844,23
568,22
3888,22
3208,22
5788,22
5332,22
7564,22
4016,22
9992,22
10612,22
9968,21
0x0000000000000724,21
6056,21
5548,21
0x0000000000000aec,21
3576,21
5048,21
4696,21
0x0000000000000768,21
1896,21
7756,21
0x0000000000001fe8,20
2868,20
7024,20
9620,20
0x0000000000001e1c,20
5920,20
3972,19
3628,19
0x00000000000015c0,19
548,19
2028,19
10900,19
3096,19
0x0000000000000ec8,19
2772,19
0x00000000000004e0,18
4368,18
7284,18
0x0000000000000c6c,18
5408,18
4088,18
3728,18
1648,18
5308,18
2144,18
5852,18
3344,17
6432,17
3984,17
9432,17
0x0000000000000674,17
5432,17
6900,17
8456,17
5712,17
5932,17
0x000000000000132c,17
4456,17
6112,17
6156,17
4532,17
8008,17
9920,17
10160,16
4756,16
2148,16
3036,16
2808,16
0x0000000000002108,16
7868,16
0x0000000000002504,16
5828,16
0x00000000000028b4,16
10488,16
7044,16
0x0000000000001418,16
4676,16
1160,16
1960,16
0x00000000000016d8,16
0x0000000000002168,16
0x0000000000002b28,16
5208,16
0x0000000000002bec,16
11048,16
7680,15
7668,15
7288,15
8964,15
6196,15
9444,15
0x000000000000244c,15
7784,15
5940,15
8264,15
6512,15
10580,15
4052,15
0x0000000000000910,15
3676,15
8572,15
9172,15
4048,15
8064,15
0x0000000000001fbc,15
3436,15
5472,15
6812,15
0x0000000000001750,15
0x0000000000002a58,15
3488,15
1812,15
8872,15
7944,15
10056,15
10068,15
4588,15
10052,15
4796,15
2188,15
3460,15
11188,15
2256,15
0x00000000000028f4,15
6012,15
7184,15
1904,15
0x000000000000153c,15
9760,15
3424,15
2032,15
2964,15
5380,15
0x0000000000001a64,15
9820,15
9320,15
11032,15
3688,14
2704,14
5132,14
5808,14
0x0000000000002464,14
2416,14
1248,14
1612,14
0x00000000000016e8,14
3308,14
0x0000000000000198,14
5864,14
0x0000000000001298,14
6048,14
0x0000000000001f1c,14
0x00000000000000d4,14
4396,14
0x0000000000001d84,14
6840,14
532,14
1044,14
2404,14
672,14
5344,14
5296,14
8336,14
0x0000000000002790,14
0x000000000000129c,13
0x00000000000013f0,13
0x0000000000000608,13
0x00000000000018bc,13
10680,13
408,13
704,13
5568,13
11236,13
5164,13
0x0000000000002380,13
0x00000000000025e0,13
0x0000000000002200,13
1672,13
8036,13
7292,13
6896,13
8668,13
0x0000000000002974,13
0x0000000000001768,13
1768,13
3636,13
0x0000000000002020,13
4984,13
1556,13
3712,13
0x000000000000203c,13
0x0000000000001e9c,13
3872,13
2016,13
0x0000000000001edc,13
0x0000000000001c44,13
1120,13
0x0000000000002aa0,12
868,12
5124,12
10480,12
4912,12
0x0000000000001c74,12
0x00000000000027d8,12
3216,12
0x00000000000029e8,12
3752,12
1340,12
0x0000000000000df4,12
0x0000000000001c68,12
0x00000000000028c4,12
5372,12
0x00000000000016e0,12
5064,12
3780,12
788,12
3624,12
3180,12
3372,12
2316,12
10936,12
10848,12
2816,12
2432,12
3500,12
2720,12
0x0000000000002b24,12
4472,12
976,12
0x00000000000003a8,12
5552,12
0x0000000000001458,12
0x0000000000001f7c,12
0x0000000000002b1c,12
0x0000000000000764,12
4760,12
1568,12
8900,12
4252,12
0x0000000000000bf8,12
0x0000000000001c10,12
9824,12
0x0000000000002af8,11
9040,11
2728,11
0x0000000000000494,11
0x000000000000298c,11
6420,11
6804,11
3932,11
0x0000000000001448,11
10008,11
0x0000000000002be4,11
10640,11
7032,11
0x0000000000000314,11
0x0000000000000238,11
0x00000000000000b8,11
8660,11
5528,11
0x0000000000001914,11
5100,11
0x00000000000026c4,11
4784,11
7804,11
8544,10
5520,10
0x0000000000000f84,10
0x00000000000015a4,10
0x0000000000000ea8,10
0x0000000000001560,10
0x00000000000013f8,10
5112,10
0x0000000000000fc0,10
0x0000000000001d9c,10
280,10
3808,10
3144,10
0x00000000000012e4,10
0x0000000000000f2c,10
0x00000000000011a0,10
0x0000000000001798,10
0x0000000000000acc,10
0x0000000000001288,10
1116,10
3948,10
3548,10
0x0000000000000df0,10
10864,10
0x0000000000001168,10
0x000000000000130c,10
0x0000000000000ab0,10
3432,10
0x0000000000002b9c,10
0x0000000000001420,10
0x0000000000000964,10
11200,10
652,10
5424,10
0x0000000000001258,10
0x00000000000014d8,10
0x00000000000014dc,10
0x0000000000001a3c,10
6088,10
5500,10
668,10
952,10
0x00000000000012a4,10
11260,10
0x0000000000000a00,10
0x000000000000155c,10
0x00000000000017fc,10
0x00000000000007d8,10
9684,10
0x0000000000000d10,10
0x00000000000003b8,9
0x0000000000000f78,9
0x0000000000000460,9
0x0000000000001678,9
0x0000000000002984,9
0x0000000000001784,9
0x0000000000001ab8,9
0x000000000000168c,9
2892,9
10384,9
9292,9
0x0000000000002484,9
0x0000000000000a4c,9
0x0000000000000b60,9
8632,9
9100,9
0x00000000000027f8,9
0x00000000000017c4,9
3032,9
944,9
0x000000000000172c,9
0x0000000000001190,9
0x0000000000002a94,9
5216,9
0x00000000000021e4,9
0x00000000000015ac,9
5336,9
0x0000000000000458,9
0x0000000000000210,9
0x0000000000002bfc,9
0x0000000000000c48,9
1588,9
8612,9
3012,9
6716,9
9880,9
0x0000000000000688,9
1028,9
640,9
6224,9
0x0000000000001a54,9
0x0000000000002994,9
0x0000000000000498,9
1152,9
0x0000000000002958,9
0x0000000000001178,9
1520,9
0x00000000000009e4,9
0x0000000000000998,9
0x0000000000000f74,9
3784,9
0x0000000000000e70,9
8444,9
0x0000000000000864,9
0x0000000000000ecc,9
9596,9
0x0000000000000dc0,9
0x0000000000001f58,9
0x000000000000243c,9
5996,9
0x0000000000000838,9
696,9
0x00000000000024d8,9
3076,9
6200,9
4216,9
5400,9
5036,9
0x00000000000013a0,9
2512,9
0x0000000000001718,9
0x00000000000028f0,9
0x0000000000002668,9
0x000000000000097c,9
6620,9
0x00000000000027e4,9
8864,9
0x0000000000000f30,9
0x0000000000000bb8,9
0x000000000000038c,9
0x0000000000001598,9
8752,9
2216,9
0x0000000000001520,9
0x0000000000002b8c,9
10232,9
9160,9
9560,9
10204,9
0x00000000000016c4,9
3964,9
2504,9
4824,9
0x0000000000002530,9
0x0000000000001794,9
0x000000000000229c,9
0x0000000000000f40,9
0x00000000000021dc,9
0x0000000000000f58,9
0x0000000000001690,9
0x0000000000000bcc,9
9476,9
4800,9
8684,8
0x00000000000006c0,8
0x000000000000065c,8
0x0000000000000d6c,8
0x00000000000016dc,8
1920,8
3396,8
0x0000000000001d6c,8
0x000000000000183c,8
0x0000000000001d8c,8
0x0000000000000b1c,8
0x00000000000015cc,8
9076,8
560,8
0x0000000000002bc0,8
3224,8
0x00000000000023e0,8
0x00000000000021b8,8
0x00000000000002e8,8
0x0000000000002100,8
1188,8
3352,8
0x0000000000000110,8
0x000000000000023c,8
0x0000000000002060,8
5672,8
0x00000000000012b0,8
5068,8
2636,8
4228,8
1956,8
0x0000000000001834,8
0x0000000000002270,8
3544,8
10788,8
0x0000000000002a60,8
5836,8
0x0000000000002718,8
0x0000000000001480,8
10928,8
11212,8
0x0000000000001290,8
2708,8
7160,8
0x00000000000013e8,8
0x0000000000000c20,8
9416,8
10564,8
0x000000000000208c,8
0x0000000000001aac,8
0x00000000000011a8,8
5280,8
8104,8
1468,8
1476,8
0x000000000000212c,8
0x0000000000000e3c,8
0x00000000000009d0,8
0x0000000000000e2c,8
0x0000000000002044,8
3168,8
0x00000000000015f8,8
8060,8
0x00000000000022e0,8
0x0000000000002080,8
0x00000000000014cc,8
5516,8
0x00000000000014e0,8
0x0000000000002ac0,8
0x000000000000291c,8
0x00000000000023b0,8
0x00000000000002f8,8
4968,8
0x0000000000002b00,8
0x000000000000264c,8
3904,8
0x0000000000000bc8,8
0x0000000000000a28,8
0x000000000000267c,8
0x0000000000000f3c,8
0x0000000000002ae0,8
11176,8
2936,8
0x0000000000002968,8
5368,8
0x0000000000000e78,8
0x00000000000010c8,8
4260,8
0x0000000000001454,8
0x0000000000000ee0,8
0x0000000000002864,8
9608,8
6388,8
0x0000000000000ad4,8
0x0000000000001078,8
0x0000000000001040,8
0x0000000000000fd4,8
2428,8
3016,8
4876,8
10896,8
0x0000000000001780,8
7576,8
3900,8
5580,8
0x0000000000002ba4,8
0x0000000000001aa0,8
0x0000000000002404,8
0x0000000000001b70,8
5856,8
7876,8
5212,8
0x00000000000028bc,8
0x000000000000175c,8
0x0000000000002a7c,8
0x00000000000017c0,8
7952,8
0x00000000000008ec,8
0x00000000000019ac,8
0x00000000000005c4,8
0x0000000000002b64,8
0x0000000000001c60,8
0x0000000000001d98,7
10460,7
0x000000000000081c,7
0x0000000000000e34,7
0x0000000000001fc8,7
4716,7
0x0000000000002748,7
0x00000000000005bc,7
4224,7
0x0000000000001ad0,7
0x0000000000001a24,7
0x0000000000000a7c,7
3164,7
0x0000000000002a34,7
6688,7
0x0000000000001590,7
0x00000000000014d4,7
0x0000000000002720,7
0x00000000000015d0,7
0x0000000000001904,7
0x00000000000021a8,7
0x00000000000025c4,7
0x0000000000000b9c,7
1396,7
0x00000000000020bc,7
0x0000000000001444,7
0x00000000000019f4,7
10380,7
0x0000000000001650,7
0x0000000000001f14,7
4480,7
8152,7
9052,7
0x0000000000002738,7
212,7
0x0000000000000510,7
0x0000000000001c78,7
0x00000000000002fc,7
0x00000000000028e8,7
8000,7
4700,7
2740,7
4712,7
0x00000000000017a4,7
0x00000000000015b0,7
0x0000000000000f34,7
3892,7
0x0000000000002164,7
4464,7
0x0000000000001b1c,7
0x0000000000002118,7
0x00000000000002c0,7
0x000000000000051c,7
0x0000000000001954,7
0x00000000000020e8,7
6480,7
0x000000000000192c,7
0x0000000000000874,7
9092,7
0x00000000000020fc,7
8756,7
1056,7
0x000000000000176c,7
5248,7
0x000000000000124c,7
2824,7
0x00000000000022d4,7
0x00000000000008f0,7
3644,7
4344,7
0x0000000000000b78,7
0x0000000000002a24,7
5168,7
0x0000000000001484,7
6140,7
0x0000000000001054,7
0x000000000000284c,7
0x00000000000013c8,7
0x0000000000002624,7
3084,7
0x0000000000000a6c,7
0x0000000000001118,7
0x00000000000023bc,7
0x0000000000001558,7
0x00000000000027dc,7
0x0000000000000ab4,7
0x000000000000257c,7
4360,7
3112,7
3788,7
0x000000000000145c,7
0x00000000000020a4,7
4180,7
0x0000000000000a8c,7
0x00000000000008c0,7
0x0000000000000a3c,7
0x0000000000000fb0,7
0x0000000000002b7c,7
0x00000000000002e4,7
0x0000000000001728,7
1360,7
5240,7
0x0000000000000b64,7
0x0000000000001f88,7
0x0000000000002390,7
0x0000000000002084,7
0x0000000000002240,7
0x0000000000000c88,7
0x000000000000088c,7
0x0000000000002424,7
0x0000000000002124,7
0x0000000000002470,7
1628,7
6788,7
10944,7
0x0000000000000f10,7
0x00000000000029b8,7
5188,7
2344,7
0x0000000000002558,7
0x0000000000000168,7
0x0000000000001354,7
0x0000000000001620,7
0x00000000000003c8,7
0x00000000000020b8,7
0x0000000000001260,7
5576,7
0x0000000000000e5c,7
0x00000000000005fc,7
0x0000000000002ab0,7
0x0000000000001084,7
0x0000000000000f04,7
0x00000000000016cc,7
0x0000000000002adc,7
0x0000000000001bd8,7
0x0000000000002a90,7
0x00000000000024c8,7
0x00000000000025e4,7
0x0000000000002280,7
0x0000000000000894,7
0x0000000000001640,7
8736,7
4196,7
5928,7
2300,7
0x0000000000002a6c,7
0x00000000000021d4,7
0x0000000000001e8c,7
0x00000000000007ec,7
0x0000000000000660,7
0x0000000000001188,7
3608,7
0x00000000000003ac,7
0x0000000000001898,7
0x0000000000001f20,7
0x0000000000002628,7
0x0000000000001ba0,7
0x0000000000001fa4,7
0x00000000000026f4,7
0x0000000000001748,7
2056,7
0x0000000000001714,7
0x0000000000001d28,7
0x0000000000001e58,7
0x00000000000026f0,7
4316,7
1720,7
0x00000000000024e0,7
772,7
0x0000000000002ab8,7
0x0000000000001818,7
3836,7
10176,7
0x0000000000002560,7
4704,7
9032,7
0x00000000000013d4,7
816,7
0x0000000000001394,7
0x00000000000028dc,7
2304,7
0x0000000000000e00,7
0x0000000000001a98,7
0x0000000000000bf4,7
0x0000000000002bf4,7
0x0000000000001ef0,7
0x00000000000012a8,7
0x0000000000001b04,7
0x0000000000002140,7
9808,7
0x0000000000001a50,7
0x00000000000003f0,7
0x0000000000002bd4,7
6232,7
4776,7
0x0000000000001850,7
0x0000000000002818,7
0x0000000000001ea4,7
0x00000000000007c0,7
6644,7
0x00000000000016a8,7
0x0000000000002350,7
0x0000000000001314,7
0x00000000000009b0,7
0x00000000000017a0,7
5748,7
6344,6
0x0000000000001b84,6
0x000000000000015c,6
6692,6
3668,6
1312,6
3560,6
4820,6
2540,6
0x0000000000000f54,6
0x00000000000029c4,6
0x0000000000000304,6
0x0000000000002430,6
0x0000000000002370,6
5832,6
0x0000000000000b4c,6
8636,6
0x00000000000018b0,6
3184,6
0x0000000000002b60,6
0x0000000000000a24,6
10016,6
6500,6
0x0000000000002908,6
0x0000000000002990,6
0x0000000000001af4,6
0x0000000000001c84,6
0x00000000000025b0,6
5072,6
0x0000000000002a04,6
0x0000000000002234,6
5584,6
0x000000000000163c,6
0x00000000000022a0,6
5596,6
8432,6
9928,6
7768,6
0x0000000000002490,6
0x000000000000157c,6
1664,6
0x000000000000158c,6
0x0000000000000928,6
7788,6
6884,6
0x00000000000025a0,6
0x000000000000101c,6
0x0000000000000a90,6
0x0000000000000c1c,6
0x0000000000000478,6
0x0000000000002278,6
0x0000000000002a54,6
0x0000000000001128,6
0x00000000000011c0,6
0x00000000000025b4,6
0x0000000000000f80,6
0x00000000000017f0,6
0x0000000000001c4c,6
0x0000000000000f1c,6
0x0000000000001a8c,6
0x00000000000021f8,6
3656,6
7476,6
0x0000000000001f10,6
0x0000000000001ed4,6
0x0000000000001574,6
0x0000000000000c78,6
0x000000000000030c,6
0x0000000000001950,6
9396,6
0x00000000000029c0,6
0x00000000000014e4,6
5804,6
0x0000000000001dc8,6
0x0000000000002a98,6
0x0000000000002364,6
8424,6
0x0000000000001f80,6
0x0000000000000680,6
0x00000000000011b4,6
0x0000000000001bb4,6
0x0000000000002bc8,6
2612,6
3392,6
4312,6
0x0000000000000eac,6
0x00000000000025d4,6
0x0000000000000070,6
0x0000000000000784,6
4268,6
5364,6
2996,6
2412,6
0x0000000000002774,6
0x00000000000013ec,6
8624,6
0x0000000000001e80,6
0x00000000000020d8,6
0x0000000000000cd8,6
0x00000000000003bc,6
5356,6
3092,6
0x0000000000000918,6
5936,6
0x0000000000002588,6
10548,6
0x000000000000173c,6
0x0000000000000634,6
8244,6
9184,6
9116,6
0x0000000000000420,6
0x0000000000001730,6
0x0000000000002198,6
0x0000000000000d68,6
0x0000000000000a40,6
0x000000000000251c,6
6128,6
0x0000000000002a20,6
0x00000000000017b0,6
8340,6
8140,6
0x00000000000024b8,6
0x0000000000001b3c,6
9356,6
8816,6
11100,6
1760,6
5504,6
0x0000000000002650,6
0x00000000000024a8,6
0x00000000000022a4,6
0x00000000000009ec,6
0x000000000000118c,6
0x0000000000000f28,6
5104,6
2560,6
0x00000000000020b0,6
0x0000000000001368,6
0x00000000000027c0,6
1984,6
9284,6
6848,6
8652,6
8376,6
10348,6
10792,6
2244,6
5476,6
0x000000000000113c,6
0x0000000000001a0c,6
0x0000000000002444,6
3116,6
3368,6
2584,6
4544,6
3748,6
852,6
5244,6
3088,6
9912,6
0x0000000000002860,6
0x0000000000000d60,6
0x0000000000001fa8,6
0x000000000000271c,6
2876,6
5396,6
1236,6
3240,6
872,6
0x0000000000001dd4,6
0x00000000000024c0,6
2200,6
7448,6
0x0000000000001d54,6
0x00000000000025b8,6
0x0000000000001d90,6
0x0000000000002b04,6
7072,6
11016,6
3356,6
0x0000000000000900,6
2476,6
2328,6
1308,6
0x00000000000010cc,6
0x0000000000001a6c,6
0x0000000000002698,6
4888,6
8100,6
0x00000000000024b0,6
264,6
3280,6
0x00000000000017cc,6
0x0000000000002520,6
5136,6
0x0000000000001fd4,6
0x0000000000000dac,6
6736,6
6952,6
0x00000000000013f4,6
0x000000000000210c,6
1924,6
1080,6
4872,6
0x00000000000015b4,6
0x0000000000001b64,6
0x000000000000249c,6
4764,6
6288,6
0x00000000000022c4,6
6000,6
2620,6
0x0000000000001404,6
7532,6
0x0000000000002af0,6
10168,6
0x0000000000002a28,6
5420,6
0x00000000000003e4,6
0x0000000000002510,6
10648,6
4940,6
0x0000000000001df8,6
0x0000000000000ae8,6
0x00000000000012fc,6
0x00000000000015c8,6
0x000000000000218c,6
10728,6
0x0000000000001d44,6
0x00000000000027ac,6
0x00000000000024ec,6
2972,6
0x000000000000246c,6
7536,6
9348,6
8616,6
0x00000000000023c4,6
0x000000000000223c,6
4684,6
0x0000000000001d70,6
0x00000000000014d0,6
0x000000000000149c,6
0x00000000000007bc,6
0x0000000000001b6c,6
8248,6
7412,6
9072,6
2052,6
0x000000000000125c,6
940,6
4976,6
0x0000000000001eec,6
0x0000000000002944,6
0x0000000000001a9c,6
0x0000000000002980,6
10584,6
0x0000000000002178,6
0x0000000000001158,6
0x0000000000001d0c,6
0x0000000000000424,6
0x00000000000013c0,6
0x0000000000002514,6
0x00000000000029d4,6
0x0000000000002428,6
9916,6
0x0000000000001af0,6
0x0000000000001764,6
5792,6
1508,6
1336,6
1004,6
9256,6
0x00000000000019dc,6
9012,6
0x0000000000002130,6
0x0000000000000658,6
0x0000000000001d38,6
0x00000000000016ec,6
0x00000000000009c0,6
3884,6
0x00000000000029cc,6
0x000000000000274c,6
9452,6
0x0000000000002854,6
740,6
1164,6
8276,6
724,6
0x0000000000001358,6
0x0000000000002708,6
3568,6
0x000000000000220c,6
0x0000000000002aec,6
0x0000000000002710,6
0x0000000000001530,6
5664,6
0x0000000000001108,6
0x0000000000001630,6
0x000000000000017c,6
0x0000000000002570,6
0x00000000000026bc,6
0x000000000000028c,6
0x0000000000002ba8,6
0x0000000000001540,6
4564,6
0x00000000000009a0,6
0x0000000000000690,6
1348,6
0x0000000000000ce8,6
0x0000000000001ae4,6
0x0000000000000e18,6
0x0000000000000140,6
0x0000000000000bc4,6
0x0000000000001ce0,6
0x0000000000001ce8,6
0x0000000000001c14,6
0x0000000000001920,6
0x0000000000001e00,6
0x0000000000001114,6
0x0000000000001b28,6
6996,6
8144,6
0x000000000000234c,6
0x0000000000000834,6
0x00000000000014bc,6
0x000000000000026c,6
7264,6
8496,6
0x0000000000000b70,6
11120,6
0x0000000000000ff8,6
6192,6
10096,6
0x0000000000001740,6
0x000000000000112c,6
0x0000000000001284,6
0x0000000000002568,6
6068,6
9436,6
0x0000000000002384,6
0x0000000000002028,5
0x0000000000001694,5
0x00000000000007e4,5
0x0000000000001d80,5
0x000000000000286c,5
0x00000000000007e0,5
6740,5
0x0000000000002438,5
0x0000000000001080,5
0x000000000000146c,5
0x000000000000216c,5
0x00000000000017ac,5
0x0000000000002770,5
0x0000000000000c60,5
0x00000000000015f4,5
0x00000000000025bc,5
0x0000000000001588,5
4132,5
0x0000000000001104,5
9488,5
0x0000000000001a34,5
0x00000000000020ac,5
0x00000000000007cc,5
0x00000000000017b8,5
8420,5
0x0000000000002b54,5
0x00000000000025d0,5
0x0000000000002328,5
2272,5
0x0000000000001294,5
0x0000000000000df8,5
9648,5
0x00000000000010b4,5
0x0000000000001bf4,5
0x00000000000014ac,5
0x0000000000000a50,5
0x0000000000000dd8,5
0x0000000000000e48,5
0x0000000000002468,5
0x00000000000026c0,5
0x00000000000018dc,5
0x000000000000295c,5
780,5
0x0000000000001d34,5
0x00000000000009ac,5
0x00000000000008d0,5
0x0000000000000310,5
0x0000000000001908,5
0x0000000000001a00,5
0x00000000000018f4,5
0x0000000000002aa8,5
0x00000000000013a4,5
0x0000000000002054,5
0x0000000000000118,5
4844,5
0x0000000000002ab4,5
7332,5
0x0000000000000508,5
0x0000000000002834,5
0x0000000000001d68,5
1976,5
0x00000000000029fc,5
6032,5
0x00000000000021a0,5
0x0000000000001dfc,5
0x0000000000001788,5
0x0000000000000e74,5
0x0000000000000770,5
0x0000000000001ff8,5
0x0000000000001460,5
9568,5
0x0000000000001704,5
0x0000000000002ad0,5
0x0000000000000c70,5
0x0000000000000b8c,5
4596,5
0x0000000000001320,5
1388,5
0x00000000000028f8,5
0x0000000000001580,5
0x00000000000013d0,5
0x00000000000010a4,5
0x0000000000000bdc,5
10636,5
0x00000000000004fc,5
0x0000000000002660,5
0x000000000000121c,5
0x0000000000000a94,5
0x00000000000027a4,5
0x00000000000002f4,5
0x0000000000002b18,5
0x0000000000002794,5
0x00000000000008c8,5
0x0000000000001d04,5
0x0000000000002b80,5
0x0000000000000a88,5
0x000000000000056c,5
0x0000000000001430,5
0x00000000000015a0,5
0x00000000000024dc,5
0x0000000000000af8,5
0x0000000000001194,5
0x0000000000000e38,5
0x000000000000084c,5
0x000000000000269c,5
0x0000000000000c90,5
0x000000000000131c,5
0x0000000000000850,5
0x0000000000002bcc,5
0x0000000000002a64,5
0x0000000000001274,5
6040,5
5708,5
0x0000000000001198,5
0x0000000000001a78,5
0x00000000000014fc,5
2132,5
0x0000000000001534,5
0x0000000000001548,5
0x0000000000002a70,5
0x0000000000001e78,5
0x0000000000000e60,5
0x0000000000001170,5
0x0000000000000614,5
0x0000000000000d94,5
5772,5
2736,5
0x0000000000001848,5
0x0000000000001940,5
10484,5
0x0000000000001414,5
0x0000000000001fd8,5
0x0000000000002978,5
0x000000000000260c,5
1844,5
0x0000000000001e6c,5
0x0000000000002058,5
4020,5
0x00000000000008e0,5
0x0000000000000c84,5
6940,5
0x0000000000001600,5
5800,5
0x0000000000001594,5
0x00000000000024a0,5
0x0000000000000fa0,5
0x0000000000002ad4,5
10732,5
3648,5
8808,5
0x0000000000001840,5
0x0000000000002ac4,5
0x0000000000001328,5
6376,5
0x00000000000016bc,5
0x00000000000025dc,5
0x00000000000002cc,5
0x000000000000058c,5
0x0000000000000efc,5
0x00000000000019c0,5
6592,5
0x000000000000190c,5
0x000000000000296c,5
0x000000000000182c,5
0x0000000000001410,5
0x0000000000002714,5
0x00000000000017c8,5
0x0000000000001240,5
0x00000000000007f0,5
0x0000000000001e84,5
0x0000000000001398,5
3660,5
0x0000000000001958,5
0x00000000000022e8,5
8936,5
0x0000000000000ca0,5
0x0000000000002614,5
0x00000000000003dc,5
0x0000000000001d50,5
1540,5
0x0000000000001160,5
0x00000000000011f8,5
0x0000000000001490,5
4660,5
1684,5
0x0000000000001680,5
2968,5
0x00000000000007a4,5
0x0000000000001fe0,5
0x0000000000002880,5
0x0000000000001ac0,5
5204,5
0x0000000000001658,5
0x0000000000002580,5
0x000000000000254c,5
0x0000000000001f08,5
9716,5
0x0000000000001478,5
0x0000000000001978,5
0x0000000000000f70,5
0x000000000000275c,5
0x0000000000000aa0,5
0x0000000000001734,5
8012,5
9272,5
5624,5
0x0000000000000920,5
3988,5
0x00000000000015c4,5
0x000000000000134c,5
0x0000000000002594,5
10368,5
0x00000000000001b0,5
0x0000000000000aa8,5
0x0000000000000640,5
0x0000000000000c54,5
0x00000000000008d8,5
0x0000000000000a14,5
0x0000000000002220,5
0x0000000000000e0c,5
0x0000000000002674,5
8856,5
10312,5
0x0000000000001ffc,5
0x0000000000001518,5
9956,5
0x00000000000021a4,5
0x000000000000231c,5
2480,5
5532,5
0x0000000000001868,5
0x0000000000000180,5
0x0000000000002934,5
0x00000000000012ac,5
0x0000000000000b28,5
0x000000000000115c,5
0x0000000000001d24,5
8408,5
0x000000000000147c,5
0x0000000000000a80,5
0x0000000000000364,5
0x00000000000020ec,5
0x000000000000299c,5
0x00000000000029f4,5
0x0000000000001be0,5
188,5
0x00000000000016ac,5
0x00000000000004c8,5
0x00000000000003f4,5
0x00000000000026e4,5
0x0000000000002150,5
0x0000000000002b0c,5
0x0000000000002798,5
0x0000000000000890,5
0x0000000000001c40,5
0x0000000000002be0,5
0x0000000000002320,5
3260,5
3704,5
0x0000000000001d18,5
0x00000000000023f8,5
0x0000000000000c74,5
0x0000000000002298,5
0x000000000000080c,5
0x000000000000202c,5
0x0000000000000af0,5
0x0000000000002678,5
0x0000000000000e10,5
0x0000000000000c5c,5
0x0000000000001a18,5
0x0000000000002970,5
0x00000000000028d0,5
10452,5
0x000000000000226c,5
0x0000000000002760,5
0x0000000000000e6c,5
3880,5
0x0000000000001964,5
0x0000000000001a60,5
8316,5
0x0000000000001a44,5
0x00000000000024f8,5
4772,5
0x0000000000002144,5
0x00000000000001a4,5
0x00000000000016b0,5
0x0000000000002528,5
0x0000000000000e40,5
0x0000000000002ae8,5
0x0000000000000dec,5
0x00000000000024cc,5
0x0000000000001b90,5
0x0000000000000668,5
0x0000000000000220,5
0x0000000000001150,5
0x000000000000197c,5
0x0000000000002a88,5
3520,5
0x0000000000002524,5
0x0000000000000ba8,5
0x00000000000028d4,5
0x0000000000001fa0,5
4160,5
0x0000000000002a00,5
0x00000000000021b0,5
0x0000000000002344,5
760,5
0x0000000000002a40,5
0x0000000000002290,5
4688,5
0x00000000000019e4,5
0x0000000000001234,5
0x000000000000074c,5
0x0000000000001a30,5
0x0000000000002128,5
0x0000000000001bf8,5
0x0000000000002620,5
0x00000000000018f0,5
0x0000000000001318,5
0x00000000000013d8,5
8236,5
0x0000000000001b54,5
0x0000000000001304,5
5348,5
0x00000000000026b8,5
10336,5
0x0000000000002598,5
0x00000000000028a8,5
10472,5
0x000000000000272c,5
10964,5
0x0000000000002648,5
0x0000000000001174,5
0x0000000000000e7c,5
0x0000000000000698,5
0x0000000000002004,5
8196,5
0x0000000000002768,4
0x0000000000001c7c,4
0x00000000000023a8,4
0x0000000000000c4c,4
0x0000000000002098,4
8916,4
0x0000000000002740,4
4740,4
0x0000000000002abc,4
0x0000000000000718,4
0x000000000000150c,4
5892,4
0x0000000000000f90,4
0x00000000000021ec,4
0x0000000000001acc,4
10832,4
0x00000000000018b4,4
0x0000000000001f64,4
0x0000000000002918,4
9104,4
0x0000000000000d7c,4
0x0000000000002a50,4
0x0000000000001a80,4
0x0000000000001bc4,4
0x0000000000001638,4
0x00000000000010bc,4
5960,4
0x0000000000000bac,4
0x00000000000010f8,4
0x0000000000001230,4
0x0000000000001378,4
0x00000000000014b4,4
0x000000000000199c,4
0x00000000000022a8,4
0x0000000000000808,4
0x000000000000165c,4
5724,4
10660,4
0x0000000000002938,4
0x00000000000024b4,4
0x0000000000001ecc,4
0x000000000000041c,4
0x0000000000001858,4
0x0000000000001a90,4
0x00000000000029a4,4
7992,4
0x0000000000000cdc,4
0x0000000000001dcc,4
0x000000000000059c,4
0x0000000000002258,4
0x0000000000002728,4
0x0000000000000b5c,4
3600,4
0x0000000000002534,4
0x0000000000001628,4
0x000000000000248c,4
0x0000000000002b20,4
0x0000000000002090,4
0x0000000000002640,4
0x00000000000028d8,4
0x0000000000000714,4
0x0000000000001a7c,4
0x00000000000022ec,4
0x00000000000018ec,4
0x00000000000018fc,4
0x00000000000024f0,4
0x00000000000021bc,4
0x000000000000281c,4
0x0000000000000ac0,4
0x0000000000001268,4
0x0000000000001ef4,4
0x0000000000002890,4
0x0000000000000898,4
0x000000000000180c,4
0x00000000000022b4,4
0x0000000000001e44,4
0x0000000000002094,4
0x0000000000002a2c,4
0x0000000000001f48,4
5948,4
0x0000000000000350,4
0x0000000000001578,4
0x00000000000016c8,4
0x0000000000000670,4
0x0000000000001a28,4
0x0000000000000ba4,4
0x0000000000000804,4
0x000000000000120c,4
0x0000000000002340,4
0x0000000000002410,4
8940,4
0x0000000000002b5c,4
0x00000000000027c4,4
0x0000000000002644,4
3756,4
0x0000000000001938,4
0x00000000000019a4,4
0x00000000000024bc,4
2104,4
0x0000000000001b10,4
0x000000000000261c,4
0x0000000000000d64,4
0x0000000000001cf4,4
0x0000000000001024,4
0x0000000000002a80,4
0x0000000000001e94,4
0x00000000000012c4,4
0x0000000000002538,4
5252,4
0x0000000000001720,4
0x0000000000001c58,4
0x0000000000002744,4
0x0000000000000854,4
0x00000000000005e8,4
9640,4
0x000000000000228c,4
0x000000000000239c,4
0x0000000000001a48,4
0x00000000000024a4,4
0x0000000000002578,4
2164,4
0x00000000000022cc,4
0x0000000000002658,4
0x0000000000001894,4
0x000000000000094c,4
4500,4
0x00000000000018e8,4
0x0000000000000c98,4
0x00000000000029b0,4
0x000000000000209c,4
0x0000000000002024,4
0x0000000000000e80,4
0x0000000000002548,4
8716,4
0x00000000000025a8,4
0x0000000000000a38,4
0x00000000000010e8,4
0x0000000000001564,4
0x000000000000185c,4
0x00000000000011a4,4
0x0000000000000ca8,4
0x0000000000000ac8,4
0x0000000000000c0c,4
0x0000000000001254,4
0x000000000000140c,4
0x0000000000001470,4
0x0000000000000908,4
0x00000000000014f8,4
0x00000000000025a4,4
0x0000000000001250,4
0x0000000000002b38,4
0x00000000000017e0,4
10344,4
0x0000000000000ad8,4
0x0000000000000330,4
0x0000000000002700,4
0x00000000000029e0,4
0x0000000000002064,4
0x00000000000027a0,4
0x000000000000207c,4
7456,4
0x0000000000000ec4,4
0x0000000000002a1c,4
4992,4
0x00000000000007b8,4
9484,4
0x00000000000011dc,4
0x000000000000205c,4
0x000000000000178c,4
0x0000000000001528,4
0x00000000000028e4,4
0x0000000000000218,4
0x0000000000001a40,4
0x0000000000002074,4
0x0000000000001cb0,4
0x0000000000000fb4,4
7964,4
0x00000000000018b8,4
0x00000000000019e8,4
0x0000000000002160,4
0x00000000000015dc,4
5404,4
0x00000000000026cc,4
0x0000000000001830,4
0x0000000000002bd0,4
0x0000000000000320,4
4484,4
0x0000000000000860,4
0x00000000000028c0,4
0x0000000000002b44,4
0x00000000000019f0,4
0x00000000000020c0,4
0x00000000000023d8,4
0x0000000000001bbc,4
0x0000000000000a9c,4
0x00000000000021b4,4
0x00000000000029f8,4
0x0000000000002110,4
0x0000000000000114,4
0x0000000000001c48,4
0x000000000000235c,4
3840,4
0x000000000000193c,4
8124,4
0x0000000000001220,4
0x00000000000007d4,4
0x00000000000001c4,4
0x0000000000000858,4
0x0000000000000224,4
0x00000000000007a8,4
5992,4
0x0000000000002904,4
0x0000000000001ef8,4
0x0000000000001c18,4
0x0000000000000c10,4
6444,4
0x00000000000020f0,4
8620,4
0x000000000000293c,4
0x0000000000000c2c,4
0x0000000000000d90,4
0x000000000000268c,4
0x00000000000025f4,4
0x00000000000001a0,4
0x00000000000016a4,4
0x000000000000247c,4
0x000000000000211c,4
11076,4
0x0000000000000474,4
0x0000000000001110,4
0x0000000000001060,4
0x0000000000002848,4
0x0000000000000b08,4
0x0000000000002900,4
0x0000000000001f00,4
0x00000000000015d4,4
0x0000000000000794,4
0x0000000000002330,4
0x0000000000002730,4
6796,4
0x000000000000170c,4
6524,4
0x000000000000263c,4
0x0000000000002a18,4
0x0000000000001c30,4
0x00000000000000bc,4
0x0000000000000b24,4
0x0000000000002418,4
0x00000000000020cc,4
10292,4
0x0000000000000cf4,4
4604,4
0x0000000000000cec,4
0x0000000000001204,4
0x0000000000001c24,4
0x00000000000026e8,4
0x0000000000000db8,4
0x0000000000001930,4
0x0000000000000b94,4
2688,4
0x0000000000000a20,4
0x00000000000007a0,4
0x0000000000000e90,4
0x0000000000000958,4
4744,4
0x00000000000029ac,4
0x0000000000000eb4,4
0x0000000000001aec,4
0x0000000000000ab8,4
0x0000000000000a54,4
0x0000000000002b40,4
0x0000000000000d14,4
0x0000000000001184,4
0x0000000000001e74,4
0x00000000000027e0,4
0x0000000000001064,4
0x00000000000003d0,4
0x0000000000002a5c,4
0x0000000000002bf0,4
0x00000000000020dc,4
0x0000000000001c70,4
0x0000000000002b98,4
0x00000000000016f0,4
0x0000000000000b7c,4
0x0000000000002264,4
0x0000000000002694,4
0x0000000000001d3c,4
0x000000000000087c,4
0x00000000000010d4,4
0x0000000000001428,4
0x0000000000002810,4
0x00000000000011f4,4
0x0000000000001fd0,4
0x0000000000002a4c,4
0x00000000000006b8,4
3452,4
0x0000000000001244,4
0x0000000000000544,4
0x00000000000010d8,4
0x0000000000000d78,4
0x00000000000004a4,4
0x0000000000000488,4
0x00000000000018e4,4
0x00000000000017d8,4
0x0000000000000dc4,4
0x00000000000024f4,4
0x0000000000000cd0,4
0x00000000000025f8,4
0x0000000000000480,4
0x000000000000152c,4
0x0000000000000e8c,4
0x000000000000215c,4
10324,4
0x0000000000002360,4
0x0000000000001838,4
0x00000000000014e8,4
0x0000000000002b70,4
0x00000000000014a0,4
0x0000000000002638,4
0x000000000000126c,4
10136,4
0x00000000000009f0,4
0x000000000000164c,4
0x00000000000014a4,4
0x0000000000000374,4
0x000000000000012c,4
0x0000000000000da0,4
0x00000000000006e8,4
0x0000000000000b48,4
0x00000000000017b4,4
7636,4
0x00000000000002d4,4
0x00000000000014c0,4
0x0000000000002870,4
0x0000000000001bcc,4
5776,4
0x0000000000001f6c,4
8588,4
0x000000000000064c,4
2080,4
0x0000000000000d9c,4
6756,4
9548,4
0x0000000000000654,4
0x00000000000027b0,4
0x0000000000001e4c,4
0x000000000000283c,4
0x0000000000002820,4
10556,4
0x0000000000001f5c,4
0x0000000000001dd0,4
0x00000000000022b0,4
0x0000000000002a44,4
0x0000000000001b48,4
0x0000000000002828,4
9924,4
0x000000000000099c,4
0x000000000000154c,4
0x00000000000024d4,4
0x000000000000258c,4
0x0000000000002b08,4
0x0000000000000594,4
0x00000000000007c8,3
0x0000000000002358,3
0x0000000000002300,3
0x0000000000001cb4,3
0x0000000000001a84,3
0x0000000000000e68,3
0x0000000000001d48,3
0x0000000000001fc0,3
0x0000000000002324,3
0x000000000000232c,3
0x00000000000025e8,3
0x00000000000023ec,3
0x0000000000001c9c,3
5292,3
0x0000000000001910,3
0x0000000000002a8c,3
0x000000000000290c,3
8388,3
0x0000000000001f60,3
0x0000000000001ee4,3
0x0000000000001164,3
0x0000000000001c28,3
0x0000000000000a48,3
6792,3
0x0000000000000d80,3
6680,3
0x00000000000008a8,3
4960,3
0x0000000000000da4,3
4516,3
4592,3
0x0000000000000a58,3
0x0000000000001f3c,3
0x0000000000001e14,3
7340,3
0x0000000000002bf8,3
3708,3
5860,3
0x0000000000001a38,3
0x0000000000001360,3
0x0000000000000a74,3
0x0000000000000c44,3
0x000000000000093c,3
0x0000000000000b50,3
0x00000000000018ac,3
0x0000000000001e7c,3
0x0000000000001074,3
8912,3
0x000000000000288c,3
3584,3
0x0000000000000b44,3
0x0000000000001924,3
0x0000000000002b58,3
0x0000000000002630,3
0x00000000000012f8,3
0x0000000000000758,3
0x000000000000070c,3
4192,3
0x00000000000005dc,3
0x00000000000003cc,3
0x0000000000001138,3
0x0000000000001a2c,3
0x00000000000013b8,3
0x000000000000238c,3
8828,3
0x0000000000001adc,3
0x0000000000002348,3
0x0000000000000dd0,3
0x0000000000001670,3
0x00000000000021f0,3
0x0000000000002b68,3
0x0000000000002398,3
0x00000000000010c4,3
0x00000000000004f8,3
0x00000000000014f4,3
0x00000000000011f0,3
0x00000000000019d8,3
0x0000000000002498,3
0x00000000000026dc,3
0x0000000000001ad8,3
0x0000000000000518,3
9156,3
0x0000000000002830,3
0x0000000000002af4,3
11108,3
0x00000000000016b8,3
0x0000000000000780,3
0x00000000000012b4,3
4380,3
0x0000000000000a44,3
0x00000000000012d4,3
0x00000000000012c0,3
0x00000000000010a0,3
0x0000000000001f4c,3
0x0000000000001fb8,3
0x0000000000001944,3
0x0000000000001070,3
0x0000000000002304,3
10860,3
0x00000000000028ec,3
4124,3
0x0000000000000538,3
0x0000000000000d18,3
0x0000000000001ca4,3
0x00000000000008fc,3
0x0000000000002824,3
0x000000000000171c,3
0x0000000000000308,3
1272,3
0x00000000000009a8,3
0x00000000000028b0,3
9376,3
0x00000000000027a8,3
0x0000000000001ebc,3
0x0000000000001f8c,3
5076,3
0x000000000000109c,3
0x000000000000048c,3
0x0000000000000398,3
0x0000000000000f20,3
0x0000000000000b04,3
0x0000000000001ca0,3
0x0000000000002734,3
0x0000000000001238,3
0x000000000000054c,3
3924,3
0x000000000000062c,3
0x00000000000010fc,3
0x0000000000000734,3
0x0000000000002bb4,3
0x0000000000000b0c,3
0x0000000000000d48,3
0x0000000000001504,3
8472,3
8492,3
10340,3
0x0000000000001370,3
6016,3
0x000000000000096c,3
4664,3
0x0000000000000574,3
0x0000000000001c0c,3
0x0000000000001674,3
0x0000000000002414,3
0x0000000000002230,3
0x00000000000014c4,3
0x000000000000289c,3
0x0000000000001c64,3
0x0000000000001ec4,3
0x0000000000001928,3
0x0000000000000f44,3
0x0000000000001f44,3
4612,3
0x00000000000021e0,3
0x000000000000230c,3
1060,3
0x000000000000137c,3
0x0000000000001538,3
0x0000000000000ddc,3
0x000000000000177c,3
0x0000000000001cf8,3
0x0000000000001bc0,3
0x00000000000019d0,3
0x0000000000001ca8,3
0x000000000000032c,3
0x00000000000011e4,3
0x0000000000000c68,3
0x0000000000000be4,3
0x0000000000000e54,3
0x0000000000000c28,3
0x0000000000002284,3
5544,3
8260,3
0x00000000000024ac,3
0x00000000000023a4,3
0x0000000000002764,3
0x0000000000000c80,3
0x0000000000001758,3
0x0000000000000c18,3
0x00000000000022e4,3
0x000000000000273c,3
0x0000000000002294,3
0x0000000000001510,3
0x00000000000024e4,3
0x0000000000000f94,3
5468,3
7936,3
0x00000000000021ac,3
0x0000000000001b88,3
0x0000000000002a08,3
0x0000000000001a70,3
7192,3
5980,3
1176,3
0x00000000000022f4,3
0x000000000000069c,3
0x00000000000001bc,3
0x00000000000018d8,3
0x0000000000002310,3
0x0000000000002554,3
0x0000000000002964,3
0x0000000000001b78,3
8568,3
10688,3
0x0000000000000448,3
0x0000000000000fec,3
6724,3
0x00000000000019b8,3
10300,3
0x00000000000022c8,3
0x00000000000004c0,3
0x0000000000001a74,3
0x00000000000012bc,3
840,3
0x0000000000002bbc,3
10992,3
0x0000000000001c88,3
0x0000000000002508,3
0x0000000000001804,3
8512,3
0x00000000000029ec,3
0x0000000000001bac,3
0x000000000000151c,3
0x0000000000001d10,3
0x0000000000001660,3
0x0000000000000520,3
5384,3
2856,3
5256,3
6028,3
8904,3
0x000000000000198c,3
9412,3
0x0000000000001864,3
0x000000000000224c,3
10436,3
0x0000000000001d40,3
0x00000000000010e0,3
0x00000000000010c0,3
0x0000000000001608,3
0x0000000000001df4,3
0x0000000000002808,3
9972,3
8252,3
0x00000000000020b4,3
0x0000000000001450,3
2564,3
10012,3
0x0000000000000b54,3
0x0000000000002664,3
0x000000000000142c,3
10076,3
0x00000000000004cc,3
0x0000000000000f5c,3
0x00000000000009cc,3
0x0000000000000604,3
0x0000000000000e64,3
0x00000000000023d4,3
0x00000000000011d4,3
0x0000000000000620,3
0x0000000000001860,3
0x00000000000012b8,3
0x0000000000002260,3
0x00000000000020a8,3
0x0000000000000d40,3
0x00000000000027b8,3
0x00000000000026d0,3
0x0000000000000410,3
536,3
11128,3
4448,3
8308,3
0x0000000000002b84,3
0x0000000000000454,3
5044,3
10468,3
0x0000000000002544,3
0x0000000000001a94,3
0x0000000000001c3c,3
0x0000000000001a4c,3
0x0000000000001990,3
0x0000000000000a98,3
2580,3
0x0000000000002998,3
10668,3
0x0000000000002618,3
0x000000000000282c,3
0x0000000000002b78,3
6020,3
5916,3
0x0000000000000fdc,3
2172,3
968,3
0x0000000000000a84,3
0x0000000000002b48,3
11080,3
8292,3
8348,3
0x0000000000002268,3
10004,3
0x000000000000250c,3
0x0000000000001770,3
0x00000000000015a8,3
2196,3
0x0000000000001708,3
0x0000000000002104,3
0x0000000000000b14,3
0x00000000000009b4,3
0x0000000000000b3c,3
0x0000000000000edc,3
0x0000000000000980,3
0x00000000000008c4,3
0x00000000000019e0,3
0x000000000000294c,3
0x0000000000001fcc,3
0x0000000000000e1c,3
0x00000000000026ec,3
0x0000000000000ad0,3
6292,3
0x00000000000013e0,3
0x0000000000000c40,3
0x0000000000000b98,3
276,3
6412,3
0x0000000000001abc,3
0x0000000000001374,3
0x000000000000240c,3
1260,3
0x00000000000014b0,3
0x0000000000000cc8,3
0x00000000000013ac,3
6552,3
0x0000000000000c7c,3
0x00000000000024e8,3
0x00000000000004d0,3
0x0000000000000de8,3
2980,3
0x0000000000002374,3
0x00000000000021cc,3
0x0000000000001ff4,3
0x0000000000001544,3
0x000000000000227c,3
10972,3
0x00000000000006b0,3
2008,3
0x00000000000029e4,3
0x0000000000002040,3
0x0000000000001ff0,3
0x0000000000000750,3
0x00000000000028fc,3
0x0000000000002878,3
0x000000000000040c,3
0x0000000000000584,3
0x000000000000139c,3
0x000000000000200c,3
6320,3
3844,3
0x00000000000005f4,3
0x0000000000000678,3
0x00000000000017ec,3
0x000000000000075c,3
0x00000000000020e4,3
0x0000000000001820,3
8992,3
0x0000000000001488,3
0x0000000000001554,3
0x0000000000000470,3
0x0000000000000368,3
716,3
0x0000000000000514,3
0x00000000000019b4,3
4184,3
3324,3
9884,3
0x0000000000001d4c,3
9996,3
0x0000000000002134,3
8500,3
5680,3
8216,3
0x000000000000095c,3
3476,3
0x00000000000026b0,3
0x0000000000001010,3
10624,3
0x00000000000005cc,3
0x0000000000000428,3
9788,3
0x0000000000002954,3
6708,3
0x0000000000002a68,3
0x0000000000001724,3
3868,3
0x0000000000001c6c,3
9696,3
0x0000000000001994,3
0x0000000000002338,3
0x00000000000022d0,3
0x00000000000012f0,3
0x00000000000013b4,3
0x0000000000000748,3
0x0000000000000830,3
0x0000000000002420,3
0x0000000000000944,3
0x0000000000002488,3
300,3
0x0000000000000644,3
9000,3
0x000000000000092c,3
0x00000000000018a0,3
8108,3
0x00000000000026c8,3
0x000000000000201c,3
9800,3
0x0000000000002a30,3
0x0000000000001d2c,3
0x0000000000002540,3
4836,3
0x0000000000001bd0,3
0x000000000000217c,3
0x0000000000002898,3
10392,3
0x00000000000009b8,3
0x0000000000000528,3
0x0000000000001b18,3
0x0000000000002780,3
5572,3
1596,3
0x0000000000000214,3
0x0000000000000948,3
0x00000000000020c8,3
0x0000000000001da0,3
0x000000000000242c,2
0x0000000000001154,2
7280,2
5464,2
0x0000000000000f6c,2
0x0000000000000298,2
6928,2
0x0000000000002acc,2
0x0000000000001f24,2
11012,2
0x0000000000002238,2
10144,2
11036,2
8768,2
0x00000000000012a0,2
0x00000000000007c4,2
10652,2
0x0000000000001bdc,2
0x0000000000002608,2
7028,2
0x0000000000001270,2
10028,2
0x0000000000001fb0,2
0x0000000000001c54,2
0x00000000000020d0,2
0x0000000000002754,2
0x0000000000002440,2
9028,2
0x0000000000002bb8,2
0x00000000000022bc,2
0x00000000000024d0,2
0x00000000000025c8,2
0x0000000000001fe4,2
0x0000000000002478,2
0x0000000000001a10,2
0x0000000000002680,2
0x0000000000001b74,2
0x0000000000002368,2
0x0000000000002bb0,2
4348,2
9832,2
0x00000000000001b8,2
0x00000000000016e4,2
0x0000000000001760,2
0x0000000000002a84,2
0x00000000000006b4,2
3140,2
6780,2
0x0000000000002550,2
0x0000000000002018,2
9948,2
10352,2
0x0000000000000ef4,2
7464,2
0x00000000000014ec,2
6188,2
9600,2
0x0000000000001e70,2
0x0000000000001dc0,2
10752,2
6816,2
0x0000000000002858,2
0x0000000000002114,2
0x0000000000002250,2
0x0000000000002914,2
0x00000000000018c8,2
5144,2
6808,2
0x00000000000025ac,2
0x0000000000000b10,2
6964,2
9816,2
10988,2
1892,2
4724,2
7956,2
0x00000000000012cc,2
2348,2
0x0000000000001b8c,2
2908,2
7808,2
6488,2
0x000000000000186c,2
0x000000000000116c,2
1688,2
9004,2
2084,2
7076,2
0x0000000000001f9c,2
0x00000000000023dc,2
0x00000000000002b0,2
0x0000000000000e28,2
0x00000000000010ac,2
0x0000000000001ba4,2
0x0000000000001bec,2
4884,2
0x0000000000001130,2
6572,2
0x000000000000005c,2
0x000000000000020c,2
6324,2
0x0000000000002408,2
0x0000000000001438,2
0x0000000000000f50,2
0x00000000000021c4,2
0x0000000000000684,2
8184,2
0x00000000000014f0,2
0x00000000000019d4,2
0x000000000000262c,2
10776,2
10180,2
0x0000000000001cac,2
0x0000000000001210,2
4624,2
7244,2
2284,2
5620,2
972,2
10692,2
2916,2
0x0000000000001310,2
0x0000000000001b24,2
9660,2
0x000000000000104c,2
0x0000000000000cfc,2
9300,2
0x000000000000079c,2
0x00000000000017a8,2
5640,2
3428,2
0x0000000000000228,2
556,2
0x00000000000016d0,2
1224,2
0x0000000000001388,2
0x0000000000000cbc,2
3588,2
0x0000000000002190,2
0x0000000000000a18,2
0x000000000000233c,2
0x00000000000004b0,2
9804,2
0x0000000000000558,2
0x0000000000000560,2
0x00000000000026f8,2
420,2
4896,2
0x00000000000029d0,2
0x00000000000023e8,2
0x00000000000008a0,2
6456,2
0x000000000000022c,2
11256,2
0x0000000000002884,2
0x0000000000001b38,2
0x0000000000000e04,2
0x000000000000253c,2
0x00000000000022d8,2
0x0000000000002454,2
0x0000000000000a30,2
0x0000000000000230,2
0x0000000000000694,2
7900,2
0x0000000000001604,2
0x0000000000000ea4,2
0x0000000000000354,2
0x0000000000001330,2
0x0000000000000984,2
3536,2
5496,2
10544,2
0x00000000000010b8,2
0x0000000000001b0c,2
0x0000000000000fc8,2
1136,2
0x0000000000000550,2
3288,2
8176,2
0x0000000000002314,2
0x000000000000144c,2
0x000000000000138c,2
0x0000000000002704,2
0x0000000000002038,2
0x0000000000002574,2
0x0000000000001ed8,2
0x00000000000015b8,2
0x0000000000002158,2
0x0000000000000be0,2
320,2
0x0000000000001754,2
0x00000000000002f0,2
0x000000000000194c,2
0x0000000000001c94,2
8224,2
6204,2
8908,2
10088,2
0x0000000000001508,2
7624,2
0x00000000000020f4,2
0x00000000000006dc,2
7256,2
11132,2
9528,2
0x00000000000003d8,2
0x000000000000103c,2
6176,2
0x0000000000001f98,2
10796,2
7104,2
0x0000000000002758,2
0x00000000000021c8,2
6520,2
0x00000000000011d8,2
9384,2
0x0000000000000988,2
0x0000000000002868,2
0x00000000000021c0,2
0x0000000000002aa4,2
0x0000000000002308,2
0x000000000000236c,2
0x00000000000027bc,2
0x00000000000015e4,2
0x0000000000000f60,2
0x00000000000005c0,2
0x0000000000001038,2
0x000000000000119c,2
0x0000000000000e4c,2
0x00000000000005b8,2
0x00000000000028a4,2
0x0000000000001228,2
0x0000000000001ea8,2
0x00000000000017bc,2
0x00000000000017d4,2
0x0000000000001568,2
0x000000000000123c,2
0x0000000000000878,2
8600,2
8364,2
0x000000000000191c,2
0x00000000000019fc,2
0x0000000000000738,2
8884,2
0x0000000000000c24,2
0x00000000000015fc,2
884,2
10432,2
4356,2
0x0000000000000414,2
2380,2
0x00000000000003c4,2
0x00000000000004d4,2
8528,2
0x00000000000019cc,2
0x0000000000001cec,2
0x0000000000001fac,2
0x0000000000000a34,2
2760,2
824,2
4296,2
0x00000000000012e8,2
6092,2
8116,2
0x00000000000019ec,2
2792,2
7836,2
11172,2
0x0000000000001058,2
9764,2
3856,2
0x0000000000000d84,2
5540,2
0x0000000000002a74,2
0x0000000000001db8,2
0x0000000000002154,2
0x0000000000001664,2
0x00000000000021d0,2
8656,2
0x0000000000001774,2
0x00000000000017d0,2
0x00000000000001c0,2
0x000000000000159c,2
0x0000000000002604,2
0x0000000000000e20,2
0x00000000000006a4,2
0x0000000000001b98,2
0x0000000000000b58,2
0x0000000000000338,2
8928,2
10316,2
0x0000000000000a04,2
0x0000000000002458,2
0x0000000000002518,2
1660,2
0x00000000000011fc,2
3524,2
8976,2
0x0000000000000f8c,2
0x00000000000002ec,2
0x00000000000016b4,2
0x0000000000001da4,2
0x0000000000002690,2
8556,2
8796,2
0x0000000000001d20,2
0x0000000000001468,2
0x0000000000002188,2
8328,2
0x0000000000001998,2
0x0000000000000578,2
0x00000000000016d4,2
0x0000000000001514,2
0x00000000000008b0,2
0x0000000000001654,2
9368,2
8460,2
6540,2
9360,2
0x000000000000029c,2
0x0000000000000d98,2
6916,2
0x00000000000008b8,2
0x0000000000001fb4,2
5812,2
0x00000000000029a0,2
9060,2
0x00000000000022f8,2
0x000000000000287c,2
0x00000000000008cc,2
4440,2
0x00000000000027d4,2
0x00000000000003e0,2
0x00000000000007d0,2
6984,2
8096,2
10532,2
4256,2
0x0000000000000ff4,2
0x00000000000026a0,2
0x0000000000002a3c,2
5492,2
0x00000000000013b0,2
0x000000000000270c,2
0x0000000000001008,2
0x00000000000011ec,2
0x00000000000020c4,2
744,2
0x0000000000000d20,2
0x0000000000000be8,2
0x00000000000005f0,2
0x00000000000006d4,2
0x0000000000000824,2
3000,2
0x000000000000067c,2
0x0000000000001c80,2
6328,2
9740,2
5848,2
10740,2
8848,2
0x0000000000001974,2
0x0000000000001498,2
2532,2
0x0000000000002bdc,2
0x0000000000000598,2
7328,2
0x0000000000000b68,2
0x0000000000000630,2
0x0000000000001d14,2
0x00000000000018f8,2
7240,2
0x0000000000002940,2
0x0000000000002950,2
5416,2
0x0000000000000adc,2
9048,2
7488,2
7568,2
7508,2
0x0000000000000c14,2
3272,2
0x0000000000001584,2
0x0000000000000c08,2
0x00000000000026a8,2
6876,2
0x0000000000001494,2
9836,2
0x0000000000001308,2
0x0000000000000b00,2
0x000000000000090c,2
0x0000000000001180,2
0x0000000000000978,2
0x00000000000019c8,2
0x0000000000000f00,2
0x0000000000000d2c,2
0x0000000000001340,2
0x00000000000010d0,2
5700,2
360,2
0x00000000000016f8,2
0x00000000000024c4,2
0x0000000000001380,2
0x0000000000000404,2
0x00000000000010b0,2
0x0000000000000548,2
0x00000000000012c8,2
0x0000000000000db0,2
0x0000000000001120,2
0x00000000000025f0,2
0x0000000000000924,2
0x0000000000002850,2
0x00000000000008ac,2
0x0000000000001068,2
2448,2
0x0000000000000888,2
0x000000000000077c,2
0x0000000000001348,2
0x0000000000000008,2
0x0000000000000600,2
0x0000000000001668,2
0x000000000000024c,2
0x00000000000001b4,2
0x0000000000001de8,2
0x0000000000000e44,2
0x0000000000001844,2
0x0000000000002930,2
0x0000000000000d74,2
2716,2
10032,2
10396,2
0x0000000000002924,2
0x0000000000002048,2
6212,2
0x0000000000001144,2
10744,2
0x0000000000000444,2
0x0000000000002b30,2
0x0000000000001d30,2
0x0000000000000ec0,2
1640,2
8552,2
7064,2
8356,2
4444,2
2764,2
0x00000000000007b0,2
0x00000000000002b8,2
0x0000000000001da8,2
8160,2
0x0000000000000bd8,2
0x00000000000008e4,2
0x000000000000292c,2
0x0000000000001384,2
0x0000000000000fd0,2
7840,2
0x00000000000016a0,2
4892,2
4492,2
10152,2
0x00000000000029b4,2
0x00000000000006fc,2
0x0000000000002334,2
0x0000000000000438,2
1580,2
0x0000000000001790,2
6436,2
0x0000000000001874,2
0x00000000000027e8,2
9756,2
10840,2
0x0000000000000f38,2
10084,2
2592,2
6168,2
5452,2
920,2
0x0000000000002480,2
0x0000000000002318,2
0x0000000000000778,2
0x000000000000280c,2
9852,2
0x0000000000002ad8,2
0x00000000000002d8,2
0x0000000000002b74,2
0x00000000000019c4,2
6464,2
0x00000000000003f8,2
7812,2
0x000000000000100c,2
0x00000000000003ec,2
0x00000000000012ec,2
10948,2
4328,2
0x00000000000005e4,2
10828,2
0x0000000000000f0c,2
0x00000000000010dc,2
6776,2
0x00000000000029c8,2
8832,2
0x0000000000000ce0,2
0x000000000000169c,2
0x0000000000000b40,2
0x0000000000001648,2
5704,2
0x00000000000009c8,2
6440,2
0x000000000000195c,2
0x000000000000106c,2
4248,2
0x00000000000023a0,2
664,2
0x00000000000023b8,2
0x0000000000001e60,2
0x000000000000089c,2
0x0000000000001e2c,2
0x00000000000026d8,2
0x0000000000001c34,2
7628,2
0x0000000000002a48,2
0x0000000000002838,2
9088,2
2248,2
6640,2
0x00000000000013dc,2
9612,2
10408,2
2524,2
0x000000000000184c,2
0x00000000000027f0,2
0x0000000000001e5c,2
9576,2
0x0000000000002b2c,2
0x0000000000001ec0,1
0x0000000000002010,1
0x0000000000001b44,1
0x000000000000278c,1
0x000000000000188c,1
0x0000000000000b2c,1
7116,1
0x0000000000001f90,1
0x00000000000026b4,1
0x00000000000009dc,1
0x00000000000029f0,1
8812,1
5084,1
6628,1
0x000000000000213c,1
0x0000000000001db4,1
0x00000000000023f0,1
0x0000000000001e0c,1
0x0000000000001ae8,1
10956,1
0x0000000000001948,1
0x00000000000024fc,1
10504,1
0x00000000000018c0,1
0x0000000000001f40,1
0x0000000000001984,1
0x0000000000002138,1
0x0000000000002ba0,1
0x0000000000001c90,1
0x0000000000001cdc,1
0x0000000000001e40,1
0x0000000000001f38,1
0x00000000000020a0,1
8464,1
0x0000000000001434,1
5172,1
9112,1
0x0000000000002014,1
0x0000000000002a9c,1
1988,1
0x0000000000001044,1
10444,1
9200,1
0x0000000000002928,1
0x0000000000001d94,1
0x0000000000001c38,1
0x0000000000001b7c,1
0x0000000000001e24,1
0x0000000000000f48,1
1600,1
0x00000000000025cc,1
0x0000000000001b4c,1
0x0000000000001968,1
8136,1
0x000000000000245c,1
0x00000000000015e8,1
0x00000000000028cc,1
2496,1
0x0000000000000e88,1
9692,1
0x0000000000001ea0,1
0x0000000000000534,1
1332,1
0x00000000000005a8,1
1448,1
8704,1
0x0000000000002888,1
0x000000000000082c,1
0x0000000000000194,1
6712,1
9700,1
6448,1
9264,1
5328,1
0x0000000000000d3c,1
9344,1
0x00000000000007e8,1
5040,1
0x0000000000000990,1
8644,1
6704,1
764,1
0x00000000000025fc,1
6260,1
0x00000000000016c0,1
6404,1
8368,1
5952,1
0x00000000000022fc,1
0x0000000000000074,1
0x0000000000002b4c,1
11096,1
0x00000000000010ec,1
0x0000000000000994,1
4512,1
10932,1
8540,1
0x000000000000277c,1
0x0000000000002634,1
5632,1
0x0000000000001524,1
0x000000000000276c,1
6364,1
9456,1
11244,1
0x0000000000001bb8,1
7552,1
0x0000000000001248,1
4000,1
10540,1
9148,1
8072,1
1980,1
0x00000000000008a4,1
0x00000000000009e0,1
6296,1
7468,1
7296,1
0x00000000000021fc,1
9068,1
0x0000000000001634,1
7580,1
4792,1
0x000000000000266c,1
432,1
10576,1
9792,1
7816,1
7800,1
5976,1
0x00000000000012e0,1
0x0000000000000d1c,1
4928,1
380,1
0x0000000000000500,1
0x0000000000000360,1
7344,1
0x0000000000001624,1
0x00000000000010f0,1
0x0000000000000960,1
0x0000000000001644,1
1228,1
0x00000000000025d8,1
1280,1
0x0000000000000f7c,1
10760,1
9492,1
9896,1
0x000000000000019c,1
0x0000000000000bb0,1
0x00000000000022c0,1
8852,1
8628,1
5752,1
4112,1
5508,1
9500,1
8824,1
8548,1
3080,1
4308,1
7492,1
3156,1
1884,1
0x0000000000002a38,1
10808,1
2040,1
0x0000000000001988,1
0x0000000000000820,1
6052,1
1484,1
5140,1
3472,1
5688,1
0x00000000000017e4,1
3148,1
0x000000000000035c,1
0x0000000000000d30,1
0x0000000000000348,1
0x00000000000016f4,1
9776,1
8232,1
4600,1
7592,1
0x0000000000002244,1
0x00000000000020f8,1
3956,1
0x0000000000002088,1
10780,1
0x000000000000225c,1
10876,1
0x00000000000006a0,1
5560,1
4804,1
0x0000000000001474,1
0x0000000000000280,1
0x000000000000042c,1
0x00000000000006d0,1
5716,1
0x000000000000057c,1
9848,1
10940,1
7128,1
0x0000000000000cf8,1
0x0000000000000f24,1
0x0000000000002b90,1
0x0000000000000d54,1
10000,1
9208,1
0x0000000000001124,1
0x000000000000128c,1
9220,1
0x0000000000001b20,1
9440,1
8488,1
0x0000000000000124,1
6564,1
6236,1
0x00000000000007f8,1
2464,1
0x0000000000000844,1
11148,1
2700,1
0x00000000000013e4,1
5092,1
0x0000000000001550,1
5456,1
0x000000000000166c,1
0x0000000000002034,1
0x0000000000000e84,1
0x0000000000001f84,1
9768,1
9844,1
0x00000000000010e4,1
0x0000000000000108,1
0x0000000000000d4c,1
0x000000000000011c,1
3616,1
0x00000000000014c8,1
0x000000000000179c,1
5588,1
0x0000000000001684,1
5764,1
6768,1
10524,1
8948,1
0x0000000000002388,1
11092,1
6360,1
9228,1
0x0000000000002784,1
6624,1
0x000000000000297c,1
0x0000000000001d1c,1
4780,1
7896,1
9964,1
0x000000000000148c,1
0x00000000000017e8,1
0x0000000000001570,1
0x00000000000017dc,1
0x0000000000001710,1
0x0000000000001738,1
2456,1
4280,1
0x00000000000011c8,1
0x00000000000013c4,1
0x0000000000000ed0,1
0x00000000000011e8,1
0x00000000000011c4,1
0x0000000000000ca4,1
0x000000000000033c,1
5732,1
4672,1
0x0000000000000810,1
0x00000000000012dc,1
2544,1
5232,1
0x0000000000000e24,1
0x0000000000002ac8,1
0x000000000000114c,1
9036,1
5012,1
5972,1
0x0000000000000554,1
9232,1
7820,1
3572,1
8536,1
3060,1
0x0000000000002840,1
9008,1
3512,1
10952,1
5264,1
4548,1
0x00000000000013cc,1
0x0000000000000c04,1
0x0000000000000cb0,1
0x0000000000000db4,1
0x0000000000000ffc,1
0x0000000000000b6c,1
0x000000000000108c,1
8228,1
3492,1
0x00000000000027cc,1
6612,1
0x00000000000022f0,1
752,1
0x0000000000000a2c,1
9656,1
9420,1
0x0000000000000bd0,1
0x0000000000002bac,1
7092,1
7916,1
0x0000000000001094,1
5284,1
0x0000000000001408,1
0x0000000000000154,1
0x00000000000006e0,1
9704,1
6924,1
10868,1
7012,1
9960,1
0x00000000000009d4,1
7048,1
4988,1
0x0000000000000700,1
0x000000000000039c,1
0x0000000000000418,1
0x0000000000000464,1
0x000000000000046c,1
0x00000000000004ac,1
0x00000000000004f0,1
0x000000000000053c,1
0x0000000000001e38,1
0x0000000000000568,1
0x00000000000005a0,1
0x00000000000005ac,1
0x0000000000000618,1
0x0000000000000624,1
0x0000000000000638,1
0x00000000000006f4,1
0x000000000000076c,1
0x000000000000078c,1
0x000000000000045c,1
10756,1
0x0000000000001020,1
0x00000000000004ec,1
6024,1
1700,1
0x0000000000001700,1
4128,1
0x000000000000083c,1
0x0000000000000970,1
0x0000000000000a0c,1
0x0000000000000b20,1
0x0000000000000b34,1
0x0000000000000b84,1
11008,1
11216,1
10608,1
0x0000000000000104,1
0x0000000000001c5c,1
0x0000000000002988,1
0x0000000000002894,1
10272,1
0x0000000000000af4,1
7920,1
0x0000000000002204,1
9532,1
11252,1
0x0000000000001aa4,1
0x0000000000000d28,1
0x0000000000000e50,1
9632,1
10268,1
784,1
10552,1
0x0000000000001100,1
0x0000000000002a14,1
8980,1
9016,1
7844,1
5556,1
0x00000000000013fc,1
5872,1
0x0000000000001698,1
2696,1
0x00000000000014b8,1
10132,1
0x0000000000000bb4,1
0x00000000000005d4,1
5840,1
1656,1
5228,1
0x0000000000001264,1
2668,1
0x00000000000015f0,1
9024,1
5324,1
184,1
0x0000000000000378,1
0x0000000000000450,1
1104,1
0x0000000000000c38,1
4276,1
0x0000000000000284,1
5160,1
0x0000000000000b30,1
2864,1
0x0000000000001a5c,1
0x0000000000001c08,1
0x0000000000002218,1
0x0000000000001464,1
0x000000000000021c,1
4508,1
7208,1
2648,1
0x0000000000001a88,1
8696,1
0x00000000000008d4,1
2260,1
0x0000000000000004,1
0x0000000000000328,1
0x0000000000000040,1
0x0000000000000164,1
0x000000000000036c,1
0x0000000000000468,1
0x000000000000014c,1
0x00000000000001ac,1
10572,1
0x0000000000002ae4,1
0x0000000000001e90,1
9856,1
5312,1
0x0000000000000d24,1
0x0000000000001b34,1
9536,1
0x0000000000001500,1
9392,1
5908,1
8220,1
0x0000000000000128,1
0x00000000000021e8,1
1436,1
0x000000000000066c,1
0x0000000000001218,1
0x0000000000001778,1
6396,1
0x000000000000110c,1
0x0000000000001050,1
0x00000000000006cc,1
0x0000000000000d44,1
0x0000000000001e68,1
0x0000000000000540,1
9328,1
0x0000000000002174,1
3928,1
0x0000000000001970,1
7608,1
8256,1
6372,1
0x0000000000000bf0,1
8112,1
0x0000000000001ab0,1
0x0000000000001b80,1
0x0000000000000cac,1
9248,1
0x00000000000023c0,1
8484,1
6632,1
0x0000000000001d60,1
0x0000000000000290,1
0x00000000000018d0,1
0x0000000000002288,1
0x0000000000001ddc,1
5024,1
0x0000000000001b68,1
2928,1
1008,1
11072,1
2124,1
2364,1
0x0000000000001dac,1
0x00000000000029d8,1
0x0000000000001bb0,1
1524,1
0x00000000000004dc,1
0x0000000000002b3c,1
0x0000000000002214,1
5152,1
0x0000000000002960,1
6864,1
4952,1
0x00000000000027d0,1
4284,1
112,1
3968,1
3176,1
4868,1
0x0000000000000664,1
528,1
0x0000000000001cfc,1
0x0000000000001e50,1
0x0000000000001e10,1
0x0000000000002248,1
0x0000000000000a70,1
0x0000000000001618,1
0x0000000000001ce4,1
0x0000000000000dcc,1
0x0000000000001be8,1
7496,1
0x0000000000002500,1
0x0000000000002208,1
0x0000000000000e08,1
0x0000000000001a04,1
0x0000000000000880,1
0x0000000000002170,1
0x00000000000022ac,1
0x00000000000023ac,1
10604,1
0x0000000000001d64,1
6072,1
0x00000000000026e0,1
0x0000000000001a68,1
7772,1
0x0000000000000fa8,1
0x0000000000001f30,1
0x0000000000001900,1
0x0000000000002a78,1
0x0000000000001b94,1
1412,1
10128,1
0x0000000000001ed0,1
0x0000000000000f98,1
0x0000000000000aac,1
0x000000000000111c,1
0x00000000000012d0,1
0x000000000000085c,1
0x0000000000001ae0,1
10080,1
0x000000000000055c,1
2956,1
0x000000000000265c,1
0x00000000000002c8,1
0x00000000000027fc,1
812,1
3448,1
10256,1
0x00000000000003b0,1
0x00000000000007f4,1
0x00000000000020d4,1
4300,1
0x000000000000241c,1
0x0000000000001fdc,1
0x00000000000018c4,1
0x00000000000012d8,1
6972,1
0x0000000000001db0,1
0x00000000000021d8,1
0x00000000000028b8,1
0x0000000000001098,1
0x0000000000001744,1
0x00000000000029bc,1
0x0000000000002a0c,1
7188,1
